GID,TimePeriod,Annual_Precipitation,Diurnal_Temperature_Range,Drought_Episodes,Enhanced_Vegetation_Index,Frost_Days,Global_Human_Footprint,Gross_Cell_Production,Growing_Season_Length,ITN_Coverage,Irrigation,Malaria_Prevalence,Mean_Temperature,Nightlights_Composite,PET,Proximity_to_National_Borders,Proximity_to_Protected_Areas,Proximity_to_Water,Rainfall,Slope,Travel_Times,Wet_Days
AGO.1.1_1,1985-1986,65.38333320617676,7.866667032241821,9.0,1549.15,0.0,19.16981132075472,3446.318620954241,9.0,0.0642911503194242,0.0,0.3290161192417145,24.14583396911621,0.1251749490436754,2.945833444595337,30655.01110841,148422.50925,30018.7765011,561.85,0.8945617158457918,321.30242587601083,4.387916684150696
AGO.1.1_1,1987-1988,65.38333320617676,7.866667032241821,9.0,1549.15,0.0,19.16981132075472,3446.318620954241,9.0,0.0642911503194242,0.0,0.3290161192417145,24.14583396911621,0.1251749490436754,2.945833444595337,30655.01110841,148422.50925,30018.7765011,561.85,0.8945617158457918,321.30242587601083,4.387916684150696
AGO.1.1_1,1989-1990,65.38333320617676,7.866667032241821,9.0,1490.75,0.0,19.16981132075472,3446.318620954241,9.0,0.0642911503194242,0.0,0.3290161192417145,24.14583396911621,0.1251749490436754,2.945833444595337,30655.01110841,148422.50925,30018.7765011,700.8,0.8945617158457918,321.30242587601083,4.387916684150696
AGO.1.1_1,1991-1992,65.38333320617676,7.866667032241821,9.0,1490.75,0.0,19.16981132075472,3446.318620954241,9.0,0.0642911503194242,0.0,0.3290161192417145,24.14583396911621,0.1251749490436754,2.945833444595337,30655.01110841,148422.50925,30018.7765011,700.8,0.8945617158457918,321.30242587601083,4.387916684150696
AGO.1.1_1,1993-1994,65.38333320617676,7.866667032241821,9.0,1490.75,0.0,19.16981132075472,3446.318620954241,9.0,0.0642911503194242,0.0,0.3290161192417145,24.14583396911621,0.1251749490436754,2.945833444595337,30655.01110841,148422.50925,30018.7765011,700.8,0.8945617158457918,321.30242587601083,4.387916684150696
AGO.1.1_1,1995-1996,65.38333320617676,7.866667032241821,9.0,1532.3,0.0,19.16981132075472,3446.318620954241,9.0,0.0642911503194242,0.0,0.3290161192417145,24.14583396911621,0.1251749490436754,2.945833444595337,30655.01110841,148422.50925,30018.7765011,758.6,0.8945617158457918,321.30242587601083,4.387916684150696
AGO.1.1_1,1997-1998,65.38333320617676,7.866667032241821,9.0,1532.3,0.0,19.16981132075472,3446.318620954241,9.0,0.0642911503194242,0.0,0.3290161192417145,24.14583396911621,0.1251749490436754,2.945833444595337,30655.01110841,148422.50925,30018.7765011,758.6,0.8945617158457918,321.30242587601083,4.387916684150696
AGO.1.1_1,1999-2000,65.38333320617676,7.866667032241821,9.0,1748.4,0.0,19.16981132075472,3446.318620954241,9.0,0.0642911503194242,0.0,0.3290161192417145,24.14583396911621,0.1251749490436754,2.945833444595337,30655.01110841,148422.50925,30018.7765011,677.6,0.8945617158457918,321.30242587601083,4.387916684150696
AGO.1.1_1,2001-2002,65.38333320617676,7.866667032241821,9.0,1748.4,0.0,19.16981132075472,3446.318620954241,9.0,0.0642911503194242,0.0,0.3290161192417145,24.14583396911621,0.1251749490436754,2.945833444595337,30655.01110841,148422.50925,30018.7765011,677.6,0.8945617158457918,321.30242587601083,4.387916684150696
